{
  "total_return": 0.3780596872226052,
  "sharpe": 3.8113102045969676,
  "max_drawdown": -0.2105139131758943,
  "trades": 3230
}