{
  "total_return": 8.052229475285145,
  "sharpe": 71.6011701395132,
  "max_drawdown": -0.026192298775623124,
  "trades": 1035
}